{
    "SX1301_conf": {
        "lorawan_public": false,
        "clksrc": 1, /* radio_1 provides clock to concentrator */
        "radio_0": {
            "enable": true,
            "type": "SX1257",
            "freq": 915000000,
            "rssi_offset": -166.0,
            "tx_enable": true },
        "radio_1": {
            "enable": true,
            "type": "SX1257",
            "freq": 920000000,
            "rssi_offset": -166.0,
            "tx_enable": false
        },
        "chan_multiSF_0": {
            /* Lora MAC channel, 125kHz, all SF, 914.6 MHz */
            "enable": true,
            "radio": 0,
            "if": -400000
        },
        "chan_multiSF_1": {
            /* Lora MAC channel, 125kHz, all SF, 914.8 MHz */
            "enable": true,
            "radio": 0,
            "if": -200000
        },
        "chan_multiSF_2": {
            /* Lora MAC channel, 125kHz, all SF, 915.0 MHz */
            "enable": true,
            "radio": 0,
            "if": 0
        },
        "chan_multiSF_3": {
            /* Lora MAC channel, 125kHz, all SF, 915.2 MHz */
            "enable": true,
            "radio": 0,
            "if": 200000
        },
        "chan_multiSF_4": {
            /* Lora MAC channel, 125kHz, all SF, 915.4 MHz */
            "enable": true,
            "radio": 1,
            "if": -400000
        },
        "chan_multiSF_5": {
            /* Lora MAC channel, 125kHz, all SF, 915.6 MHz */
            "enable": true,
            "radio": 1,
            "if": -200000
        },
        "chan_multiSF_6": {
            /* Lora MAC channel, 125kHz, all SF, 915.8 MHz */
            "enable": true,
            "radio": 1,
            "if": 0
        },
        "chan_multiSF_7": {
            /* Lora MAC channel, 125kHz, all SF, 916.0 MHz */
            "enable": true,
            "radio": 1,
            "if": 200000
        },
        "chan_Lora_std": {
            /* Lora MAC channel, 250kHz, SF7, 915.0 MHz */
            "enable": true,
            "radio": 0,
            "if": 0,
            "bandwidth": 500000,
            "spread_factor":12 
        },
        "chan_FSK": {
            /* FSK 50kbps channel, 915.0 MHz */
            "enable": true,
            "radio": 0,
            "if": 300000,
            "bandwidth": 125000,
            "datarate": 50000
        }
    }
}